{
  "11": [
    0.4975568354129791,
    0.2826690077781677
  ],
  "12": [
    0.48985564708709717,
    0.31969812512397766
  ],
  "13": [
    0.4413418769836426,
    0.22546601295471191
  ],
  "14": [
    0.5141298770904541,
    0.4260450303554535
  ],
  "15": [
    0.38000550866127014,
    0.12027853727340698
  ],
  "16": [
    0.5032732486724854,
    0.475920170545578
  ],
  "23": [
    0.5926645994186401,
    0.556022047996521
  ],
  "24": [
    0.5912617444992065,
    0.5543619990348816
  ],
  "25": [
    0.49535542726516724,
    0.6451541781425476
  ],
  "26": [
    0.5013771653175354,
    0.6388838887214661
  ],
  "27": [
    0.5179653763771057,
    0.8674553632736206
  ],
  "28": [
    0.5147405862808228,
    0.8470694422721863
  ],
  "29": [
    0.5320031046867371,
    0.9100198149681091
  ],
  "30": [
    0.5280515551567078,
    0.8755180835723877
  ],
  "31": [
    0.45414796471595764,
    0.8863469958305359
  ],
  "32": [
    0.45867544412612915,
    0.8889994025230408
  ]
}