{
  "11": [
    0.5884424448013306,
    0.38921058177948
  ],
  "12": [
    0.5754183530807495,
    0.3645887076854706
  ],
  "13": [
    0.6404608488082886,
    0.3350045382976532
  ],
  "14": [
    0.6397696733474731,
    0.3233473598957062
  ],
  "15": [
    0.6916991472244263,
    0.27102935314178467
  ],
  "16": [
    0.6981669664382935,
    0.2535615563392639
  ],
  "23": [
    0.5071285963058472,
    0.6198000907897949
  ],
  "24": [
    0.48773878812789917,
    0.6281545162200928
  ],
  "25": [
    0.5875867605209351,
    0.7348487973213196
  ],
  "26": [
    0.5791075229644775,
    0.7579102516174316
  ],
  "27": [
    0.5771808624267578,
    0.8939124941825867
  ],
  "28": [
    0.557706356048584,
    0.9571371078491211
  ],
  "29": [
    0.5587713122367859,
    0.9389634728431702
  ],
  "30": [
    0.5397115349769592,
    0.9821748733520508
  ],
  "31": [
    0.603431761264801,
    0.934397280216217
  ],
  "32": [
    0.598869800567627,
    0.9882910251617432
  ]
}