{
  "11": [
    0.6596165895462036,
    0.6130893230438232
  ],
  "12": [
    0.6585187911987305,
    0.6268491744995117
  ],
  "13": [
    0.6935122609138489,
    0.7653863430023193
  ],
  "14": [
    0.6933379173278809,
    0.7955362796783447
  ],
  "15": [
    0.7345781922340393,
    0.9086661338806152
  ],
  "16": [
    0.7536800503730774,
    0.9526834487915039
  ],
  "23": [
    0.5165636539459229,
    0.4608226418495178
  ],
  "24": [
    0.5087808966636658,
    0.4560595154762268
  ],
  "25": [
    0.4958314299583435,
    0.7142274379730225
  ],
  "26": [
    0.48275870084762573,
    0.7054081559181213
  ],
  "27": [
    0.4112033247947693,
    0.8608908653259277
  ],
  "28": [
    0.38075417280197144,
    0.8572098612785339
  ],
  "29": [
    0.39640820026397705,
    0.8921968936920166
  ],
  "30": [
    0.35854417085647583,
    0.8757168054580688
  ],
  "31": [
    0.4396839141845703,
    0.906388521194458
  ],
  "32": [
    0.4221188426017761,
    0.911802351474762
  ]
}