{
  "11": [
    0.5996068716049194,
    0.525083065032959
  ],
  "12": [
    0.6316190361976624,
    0.5449685454368591
  ],
  "13": [
    0.6398956775665283,
    0.6418983936309814
  ],
  "14": [
    0.6828991174697876,
    0.7193211913108826
  ],
  "15": [
    0.6879861950874329,
    0.7535767555236816
  ],
  "16": [
    0.7508886456489563,
    0.8747771382331848
  ],
  "23": [
    0.40542423725128174,
    0.2936551868915558
  ],
  "24": [
    0.4064674973487854,
    0.3098978102207184
  ],
  "25": [
    0.3318629860877991,
    0.5613096952438354
  ],
  "26": [
    0.33991146087646484,
    0.5734425187110901
  ],
  "27": [
    0.22538089752197266,
    0.7884685397148132
  ],
  "28": [
    0.21360820531845093,
    0.8045271039009094
  ],
  "29": [
    0.2037982940673828,
    0.8149386048316956
  ],
  "30": [
    0.1737745851278305,
    0.8179664611816406
  ],
  "31": [
    0.2457440048456192,
    0.846625030040741
  ],
  "32": [
    0.2398836314678192,
    0.8755479454994202
  ]
}