{
  "11": [
    0.5244309902191162,
    0.17536208033561707
  ],
  "12": [
    0.4303571581840515,
    0.1934550553560257
  ],
  "13": [
    0.5617269277572632,
    0.30283111333847046
  ],
  "14": [
    0.4028779864311218,
    0.3186521530151367
  ],
  "15": [
    0.5195433497428894,
    0.29102668166160583
  ],
  "16": [
    0.46972736716270447,
    0.288964182138443
  ],
  "23": [
    0.5275399088859558,
    0.4392479956150055
  ],
  "24": [
    0.47559812664985657,
    0.47015315294265747
  ],
  "25": [
    0.6190230846405029,
    0.4698007106781006
  ],
  "26": [
    0.4900318384170532,
    0.6720535755157471
  ],
  "27": [
    0.5208017230033875,
    0.566839337348938
  ],
  "28": [
    0.5003734827041626,
    0.8888792395591736
  ],
  "29": [
    0.5002529621124268,
    0.5662953853607178
  ],
  "30": [
    0.5028011798858643,
    0.9089531898498535
  ],
  "31": [
    0.5162703394889832,
    0.671985387802124
  ],
  "32": [
    0.5002838969230652,
    0.9449909925460815
  ],
  "0": [
    0.47739407420158386,
    0.10285961925983428
  ],
  "7": [
    0.5244309902191162,
    0.10285961925983428
  ],
  "8": [
    0.4303571581840515,
    0.10285961925983428
  ],
  "9": [
    0.44739407420158384,
    0.13285961925983428
  ],
  "10": [
    0.5073940742015839,
    0.13285961925983428
  ],
  "1": [
    0.44739407420158384,
    0.08285961925983427
  ],
  "2": [
    0.44739407420158384,
    0.08285961925983427
  ],
  "3": [
    0.44739407420158384,
    0.08285961925983427
  ],
  "4": [
    0.5073940742015839,
    0.08285961925983427
  ],
  "5": [
    0.5073940742015839,
    0.08285961925983427
  ],
  "6": [
    0.5073940742015839,
    0.08285961925983427
  ]
}