{
  "11": [
    0.6655670404434204,
    0.2650337517261505
  ],
  "12": [
    0.5662276148796082,
    0.2864598333835602
  ],
  "13": [
    0.7239225506782532,
    0.3388620913028717
  ],
  "14": [
    0.4998297691345215,
    0.31435251235961914
  ],
  "15": [
    0.7439576983451843,
    0.4427213966846466
  ],
  "16": [
    0.43555790185928345,
    0.33837297558784485
  ],
  "23": [
    0.6245281100273132,
    0.522250771522522
  ],
  "24": [
    0.5793888568878174,
    0.4742543399333954
  ],
  "25": [
    0.608437180519104,
    0.6863160133361816
  ],
  "26": [
    0.4957354962825775,
    0.40789052844047546
  ],
  "27": [
    0.598471999168396,
    0.8883577585220337
  ],
  "28": [
    0.3947553038597107,
    0.3811238706111908
  ],
  "29": [
    0.5982040166854858,
    0.9052714109420776
  ],
  "30": [
    0.37742021679878235,
    0.39413735270500183
  ],
  "31": [
    0.5789738893508911,
    0.9375318884849548
  ],
  "32": [
    0.35857731103897095,
    0.31761687994003296
  ]
}