{
  "11": [
    0.6180452108383179,
    1.0092411041259766
  ],
  "12": [
    0.11253465712070465,
    1.04066002368927
  ],
  "13": [
    0.7709745168685913,
    1.5881949663162231
  ],
  "14": [
    0.054214440286159515,
    1.724934697151184
  ],
  "15": [
    0.7636591196060181,
    2.0036940574645996
  ],
  "16": [
    0.10334841907024384,
    2.1808125972747803
  ],
  "23": [
    0.5641156435012817,
    2.04732084274292
  ],
  "24": [
    0.2513797879219055,
    2.133497953414917
  ],
  "25": [
    0.596170961856842,
    2.9577338695526123
  ],
  "26": [
    0.3005683422088623,
    2.9961280822753906
  ],
  "27": [
    0.6161293387413025,
    3.7404303550720215
  ],
  "28": [
    0.3237075209617615,
    3.763136863708496
  ],
  "29": [
    0.6299027800559998,
    3.8745460510253906
  ],
  "30": [
    0.32102692127227783,
    3.904716730117798
  ],
  "31": [
    0.5697571039199829,
    4.01557731628418
  ],
  "32": [
    0.37684136629104614,
    4.026276111602783
  ]
}