{
  "11": [
    0.5204781293869019,
    0.2111395001411438
  ],
  "12": [
    0.5016589760780334,
    0.2369960993528366
  ],
  "13": [
    0.5361394882202148,
    0.3687010407447815
  ],
  "14": [
    0.5169376730918884,
    0.4154248535633087
  ],
  "15": [
    0.5353050827980042,
    0.5352242588996887
  ],
  "16": [
    0.5010574460029602,
    0.5493770837783813
  ],
  "23": [
    0.5220470428466797,
    0.5651252269744873
  ],
  "24": [
    0.497613787651062,
    0.5643658638000488
  ],
  "25": [
    0.5797671675682068,
    0.7771788835525513
  ],
  "26": [
    0.38366037607192993,
    0.6099041700363159
  ],
  "27": [
    0.7226020693778992,
    0.8381378650665283
  ],
  "28": [
    0.3787194490432739,
    0.8463210463523865
  ],
  "29": [
    0.7597695589065552,
    0.8513641953468323
  ],
  "30": [
    0.40078356862068176,
    0.8940136432647705
  ],
  "31": [
    0.6989332437515259,
    0.9103540778160095
  ],
  "32": [
    0.32107821106910706,
    0.8859996199607849
  ]
}