{
  "11": [
    0.5469823479652405,
    0.34802740812301636
  ],
  "12": [
    0.5399549007415771,
    0.3529249429702759
  ],
  "13": [
    0.5124184489250183,
    0.26599395275115967
  ],
  "14": [
    0.5330100655555725,
    0.2900049686431885
  ],
  "15": [
    0.5103645920753479,
    0.1832718402147293
  ],
  "16": [
    0.5292196869850159,
    0.22137722373008728
  ],
  "23": [
    0.5349121689796448,
    0.5841504335403442
  ],
  "24": [
    0.5218230485916138,
    0.5735582709312439
  ],
  "25": [
    0.536726713180542,
    0.75227290391922
  ],
  "26": [
    0.52767413854599,
    0.7391250133514404
  ],
  "27": [
    0.5488997101783752,
    0.9127079844474792
  ],
  "28": [
    0.5410643219947815,
    0.888335645198822
  ],
  "29": [
    0.5630695819854736,
    0.9444357752799988
  ],
  "30": [
    0.5596550107002258,
    0.9249624609947205
  ],
  "31": [
    0.5034725666046143,
    0.9436377882957458
  ],
  "32": [
    0.5058238506317139,
    0.9258744716644287
  ]
}