{
  "11": [
    0.586675226688385,
    0.2902686893939972
  ],
  "12": [
    0.5621687173843384,
    0.3014589548110962
  ],
  "13": [
    0.5760393142700195,
    0.18867391347885132
  ],
  "14": [
    0.5621035695075989,
    0.19566644728183746
  ],
  "15": [
    0.5692738890647888,
    0.08095888793468475
  ],
  "16": [
    0.5627801418304443,
    0.1016104519367218
  ],
  "23": [
    0.5665554404258728,
    0.5297595858573914
  ],
  "24": [
    0.5553799867630005,
    0.5333769917488098
  ],
  "25": [
    0.5651726722717285,
    0.7129619121551514
  ],
  "26": [
    0.5592082142829895,
    0.7135902643203735
  ],
  "27": [
    0.5691271424293518,
    0.9070721864700317
  ],
  "28": [
    0.5711749196052551,
    0.8923249840736389
  ],
  "29": [
    0.5797185897827148,
    0.9447985291481018
  ],
  "30": [
    0.5818606615066528,
    0.9296553134918213
  ],
  "31": [
    0.5261499881744385,
    0.9478111863136292
  ],
  "32": [
    0.5331956148147583,
    0.9311952590942383
  ]
}