{
  "11": [
    0.5736876130104065,
    0.3507736325263977
  ],
  "12": [
    0.5550500750541687,
    0.3021117150783539
  ],
  "13": [
    0.5675476789474487,
    0.4971258342266083
  ],
  "14": [
    0.5486295819282532,
    0.24433530867099762
  ],
  "15": [
    0.5699881315231323,
    0.6397327780723572
  ],
  "16": [
    0.5365160703659058,
    0.14772197604179382
  ],
  "23": [
    0.5079280138015747,
    0.5988001823425293
  ],
  "24": [
    0.4765617251396179,
    0.5752365589141846
  ],
  "25": [
    0.5440075397491455,
    0.7712556719779968
  ],
  "26": [
    0.40464869141578674,
    0.7099747657775879
  ],
  "27": [
    0.6064900159835815,
    0.9024933576583862
  ],
  "28": [
    0.41258344054222107,
    0.882291316986084
  ],
  "29": [
    0.6321669816970825,
    0.9266932010650635
  ],
  "30": [
    0.4282751679420471,
    0.9216457605361938
  ],
  "31": [
    0.5876588225364685,
    0.9451659321784973
  ],
  "32": [
    0.36530250310897827,
    0.9314576983451843
  ]
}