{
  "11": [
    0.3981475234031677,
    0.32616493105888367
  ],
  "12": [
    0.3850894868373871,
    0.36880746483802795
  ],
  "13": [
    0.4036383628845215,
    0.4681750535964966
  ],
  "14": [
    0.35580208897590637,
    0.5584564805030823
  ],
  "15": [
    0.45930156111717224,
    0.46746334433555603
  ],
  "16": [
    0.4342786371707916,
    0.5037683248519897
  ],
  "23": [
    0.4653177261352539,
    0.5814136862754822
  ],
  "24": [
    0.46309033036231995,
    0.6302050948143005
  ],
  "25": [
    0.5791976451873779,
    0.42832568287849426
  ],
  "26": [
    0.5898231267929077,
    0.4478060007095337
  ],
  "27": [
    0.6721667647361755,
    0.6094585657119751
  ],
  "28": [
    0.6771743893623352,
    0.6428672075271606
  ],
  "29": [
    0.6661583185195923,
    0.6607335805892944
  ],
  "30": [
    0.6708583831787109,
    0.6915125846862793
  ],
  "31": [
    0.724539577960968,
    0.6320682764053345
  ],
  "32": [
    0.7401202917098999,
    0.6736213564872742
  ]
}