{
  "11": [
    0.5497480034828186,
    0.35115426778793335
  ],
  "12": [
    0.4999675154685974,
    0.2651057243347168
  ],
  "13": [
    0.602735698223114,
    0.2879095673561096
  ],
  "14": [
    0.5576955080032349,
    0.19446426630020142
  ],
  "15": [
    0.6415823698043823,
    0.20418201386928558
  ],
  "16": [
    0.6215236783027649,
    0.17282944917678833
  ],
  "23": [
    0.4918018877506256,
    0.5318632125854492
  ],
  "24": [
    0.445131778717041,
    0.5227837562561035
  ],
  "25": [
    0.5155752897262573,
    0.7237247824668884
  ],
  "26": [
    0.46145886182785034,
    0.7197390794754028
  ],
  "27": [
    0.5308161377906799,
    0.9167033433914185
  ],
  "28": [
    0.4696427285671234,
    0.9143181443214417
  ],
  "29": [
    0.5281221270561218,
    0.944028913974762
  ],
  "30": [
    0.47656798362731934,
    0.9427112340927124
  ],
  "31": [
    0.5303990840911865,
    0.9767839908599854
  ],
  "32": [
    0.46585074067115784,
    0.9746846556663513
  ]
}