{
  "11": [
    0.522141695022583,
    0.34701094031333923
  ],
  "12": [
    0.4470858573913574,
    0.3831935524940491
  ],
  "13": [
    0.591241717338562,
    0.37005385756492615
  ],
  "14": [
    0.3758433163166046,
    0.3821733295917511
  ],
  "15": [
    0.66116863489151,
    0.379732221364975
  ],
  "16": [
    0.3117348551750183,
    0.3708019256591797
  ],
  "23": [
    0.5196537375450134,
    0.6382282972335815
  ],
  "24": [
    0.4735240340232849,
    0.6350460052490234
  ],
  "25": [
    0.5703259706497192,
    0.7944518327713013
  ],
  "26": [
    0.3968316912651062,
    0.7320997714996338
  ],
  "27": [
    0.6561632752418518,
    0.9067595601081848
  ],
  "28": [
    0.4247305393218994,
    0.9048768877983093
  ],
  "29": [
    0.6764248609542847,
    0.9277994632720947
  ],
  "30": [
    0.4430602490901947,
    0.9351348280906677
  ],
  "31": [
    0.6336833238601685,
    0.9618312120437622
  ],
  "32": [
    0.3847878873348236,
    0.9535806179046631
  ]
}