{
  "11": [
    0.5167578458786011,
    0.39382725954055786
  ],
  "12": [
    0.5085045695304871,
    0.4080360531806946
  ],
  "13": [
    0.4770093262195587,
    0.28461262583732605
  ],
  "14": [
    0.4926624894142151,
    0.3172381520271301
  ],
  "15": [
    0.46730783581733704,
    0.17297182977199554
  ],
  "16": [
    0.4808688461780548,
    0.21327778697013855
  ],
  "23": [
    0.5242372155189514,
    0.6817609667778015
  ],
  "24": [
    0.49906283617019653,
    0.6790187954902649
  ],
  "25": [
    0.5550744533538818,
    0.8872809410095215
  ],
  "26": [
    0.40066900849342346,
    0.6941266059875488
  ],
  "27": [
    0.6675969362258911,
    0.8651536107063293
  ],
  "28": [
    0.4060952067375183,
    0.8829879760742188
  ],
  "29": [
    0.6843554973602295,
    0.8470527529716492
  ],
  "30": [
    0.4257652163505554,
    0.8987193703651428
  ],
  "31": [
    0.6705400347709656,
    0.9165140390396118
  ],
  "32": [
    0.3725041449069977,
    0.9179734587669373
  ],
  "0": [
    0.5126312077045441,
    0.25116591453552245
  ],
  "7": [
    0.5167578458786011,
    0.25116591453552245
  ],
  "8": [
    0.5085045695304871,
    0.25116591453552245
  ],
  "9": [
    0.48263120770454404,
    0.2811659145355224
  ],
  "10": [
    0.5426312077045441,
    0.2811659145355224
  ],
  "1": [
    0.48263120770454404,
    0.23116591453552246
  ],
  "2": [
    0.48263120770454404,
    0.23116591453552246
  ],
  "3": [
    0.48263120770454404,
    0.23116591453552246
  ],
  "4": [
    0.5426312077045441,
    0.23116591453552246
  ],
  "5": [
    0.5426312077045441,
    0.23116591453552246
  ],
  "6": [
    0.5426312077045441,
    0.23116591453552246
  ]
}