{
  "11": [
    0.4428134858608246,
    0.1865222156047821
  ],
  "12": [
    0.5194796919822693,
    0.2031475156545639
  ],
  "13": [
    0.35277116298675537,
    0.23417861759662628
  ],
  "14": [
    0.5935315489768982,
    0.27946966886520386
  ],
  "15": [
    0.2736346423625946,
    0.2546132802963257
  ],
  "16": [
    0.6594139933586121,
    0.3752821385860443
  ],
  "23": [
    0.537158191204071,
    0.5456777215003967
  ],
  "24": [
    0.5146729946136475,
    0.5481916069984436
  ],
  "25": [
    0.6087270379066467,
    0.7780917286872864
  ],
  "26": [
    0.39940494298934937,
    0.6233888864517212
  ],
  "27": [
    0.7827316522598267,
    0.8328794836997986
  ],
  "28": [
    0.4248245358467102,
    0.8653678297996521
  ],
  "29": [
    0.8250265717506409,
    0.8376564383506775
  ],
  "30": [
    0.45580366253852844,
    0.9009678363800049
  ],
  "31": [
    0.7560266256332397,
    0.923352837562561
  ],
  "32": [
    0.36437034606933594,
    0.9206172823905945
  ]
}